{".env": 1782577790.501489, ".gitignore": 1782412093.0, "download/README.md": 1782412090.0, "download/pattern_analysis_package.zip": 1782446038.0, "download/pattern_analysis_package/MEXC - Historial de Ordenes de Futuros-20250624-20260623_1782174256031.xlsx": 1782446027.0, "download/pattern_analysis_package/trader_pattern_analysis_v2.py": 1782446027.0, "download/trader_analysis.json": 1782456362.0, "download/trader_pattern_analysis_v2.py": 1782445878.0, "ppmt": 1782426621.0, "scripts/trader_pattern_analysis.py": 1782444995.0, "scripts/trader_pattern_analysis_v2.py": 1782445482.0, "tool-results/bash_1782429572707_071297002109.txt": 1782429572.0, "tool-results/read_1782413299528_10969701e89d.txt": 1782413299.0, "tool-results/read_1782413300339_3c9a00c0a760.txt": 1782413300.0, "tool-results/read_1782418788359_10969701e89d.txt": 1782418788.0, "tool-results/read_1782428797482_5d4bf9101458.txt": 1782428797.0, "tool-results/read_1782431792479_7a62ee9e78fc.txt": 1782431792.0, "tool-results/read_1782435665507_11958adca00d.txt": 1782435665.0, "tool-results/read_1782437702592_9630f66e33bc.txt": 1782437702.0, "tool-results/read_1782437711541_92861774817e.txt": 1782437711.0, "tool-results/read_1782438114998_9630f66e33bc.txt": 1782438115.0, "tool-results/read_1782444260288_08a4eba991a0.txt": 1782444260.0, "tool-results/read_1782446006467_4da03b486272.txt": 1782446006.0, "tool-results/read_1782446224630_4da03b486272.txt": 1782446224.0, "tool-results/read_1782446231256_41a9c3fc86e6.txt": 1782446231.0, "tool-results/read_1782448191374_19e346f51043.txt": 1782448191.0, "tool-results/read_1782448269621_19e346f51043.txt": 1782448269.0, "tool-results/read_1782448274259_e0621e163527.txt": 1782448274.0, "tool-results/read_1782456152035_c3d8bebb9803.txt": 1782456152.0, "tool-results/read_1782456161577_fcc12aa4167e.txt": 1782456161.0, "tool-results/read_1782459260598_40a22888d32a.txt": 1782459260.0, "upload/MEXC - Historial de Ordenes de Futuros-20250624-20260623_1782174256031.xlsx": 1782536950.1646707, "worklog.md": 1782449320.0}