{".env": 1782536950.5310774, ".gitignore": 1782536950.5320773, ".zscripts/build.sh": 1782536950.5320773, ".zscripts/dev.pid": 1782536950.5320773, ".zscripts/dev.sh": 1782536950.5320773, ".zscripts/mini-services-build.sh": 1782536950.5320773, ".zscripts/mini-services-install.sh": 1782536950.5320773, ".zscripts/mini-services-start.sh": 1782536950.5320773, ".zscripts/start.sh": 1782536950.5320773, "Caddyfile": 1782536950.5320773, "bun.lock": 1782536950.5340774, "components.json": 1782536950.5340774, "db/custom.db": 1782536950.5340774, "download/README.md": 1782536947.2260525, "download/pattern_analysis_package.zip": 1782536950.5390775, "download/pattern_analysis_package/MEXC - Historial de Ordenes de Futuros-20250624-20260623_1782174256031.xlsx": 1782536950.5500777, "download/pattern_analysis_package/trader_pattern_analysis_v2.py": 1782536950.5510776, "download/trader_analysis.json": 1782536950.5510776, "download/trader_pattern_analysis_v2.py": 1782536950.5520775, "eslint.config.mjs": 1782536950.5520775, "examples/websocket/frontend.tsx": 1782536950.5520775, "examples/websocket/server.ts": 1782536950.5520775, "github_ppmt_main.json": 1782536950.5530777, "mini-services/.gitkeep": 1782536950.5530777, "mini-services/trading-bridge/bun.lock": 1782536950.5540776, "mini-services/trading-bridge/index.ts": 1782536950.5540776, "mini-services/trading-bridge/package.json": 1782536950.5540776, "next.config.ts": 1782536950.5540776, "package.json": 1782536950.5540776, "postcss.config.mjs": 1782536950.5540776, "ppmt": 1782510606.1123064, "prisma/schema.prisma": 1782536950.5540776, "public/logo.svg": 1782536950.5540776, "public/robots.txt": 1782536950.5540776, "scripts/trader_pattern_analysis.py": 1782536950.5550776, "scripts/trader_pattern_analysis_v2.py": 1782536950.5560777, "scripts/v10_build_bg.py": 1782536950.5560777, "src/app/api/route.ts": 1782536950.5560777, "src/app/globals.css": 1782536950.5570776, "src/app/layout.tsx": 1782536950.5570776, "src/app/page.tsx": 1782536950.5570776, "src/components/trading/brain-chart.tsx": 1782536950.5570776, "src/components/trading/brain-panel.tsx": 1782536950.5570776, "src/components/trading/header.tsx": 1782536950.5570776, "src/components/trading/learning-chart.tsx": 1782536950.5570776, "src/components/trading/money-manager.tsx": 1782536950.5580776, "src/components/trading/operations-chart.tsx": 1782536950.5580776, "src/components/trading/performance-panel.tsx": 1782536950.5580776, "src/components/trading/portfolio-manager.tsx": 1782536950.5580776, "src/components/trading/portfolio-panel.tsx": 1782536950.5580776, "src/components/trading/position-panel.tsx": 1782536950.5580776, "src/components/trading/risk-panel.tsx": 1782536950.5590777, "src/components/trading/signal-feed.tsx": 1782536950.5590777, "src/components/trading/token-selector.tsx": 1782536950.5590777, "src/components/trading/trade-log.tsx": 1782536950.5590777, "src/components/ui/accordion.tsx": 1782536950.5590777, "src/components/ui/alert-dialog.tsx": 1782536950.5590777, "src/components/ui/alert.tsx": 1782536950.5590777, "src/components/ui/aspect-ratio.tsx": 1782536950.5590777, "src/components/ui/avatar.tsx": 1782536950.5590777, "src/components/ui/badge.tsx": 1782536950.5590777, "src/components/ui/breadcrumb.tsx": 1782536950.5590777, "src/components/ui/button.tsx": 1782536950.5590777, "src/components/ui/calendar.tsx": 1782536950.5590777, "src/components/ui/card.tsx": 1782536950.5600777, "src/components/ui/carousel.tsx": 1782536950.5600777, "src/components/ui/chart.tsx": 1782536950.5600777, "src/components/ui/checkbox.tsx": 1782536950.5600777, "src/components/ui/collapsible.tsx": 1782536950.5600777, "src/components/ui/command.tsx": 1782536950.5600777, "src/components/ui/context-menu.tsx": 1782536950.5600777, "src/components/ui/dialog.tsx": 1782536950.5600777, "src/components/ui/drawer.tsx": 1782536950.5600777, "src/components/ui/dropdown-menu.tsx": 1782536950.5600777, "src/components/ui/form.tsx": 1782536950.5600777, "src/components/ui/hover-card.tsx": 1782536950.5600777, "src/components/ui/input-otp.tsx": 1782536950.5600777, "src/components/ui/input.tsx": 1782536950.5600777, "src/components/ui/label.tsx": 1782536950.5600777, "src/components/ui/menubar.tsx": 1782536950.5600777, "src/components/ui/navigation-menu.tsx": 1782536950.5600777, "src/components/ui/pagination.tsx": 1782536950.5600777, "src/components/ui/popover.tsx": 1782536950.5610776, "src/components/ui/progress.tsx": 1782536950.5610776, "src/components/ui/radio-group.tsx": 1782536950.5610776, "src/components/ui/resizable.tsx": 1782536950.5610776, "src/components/ui/scroll-area.tsx": 1782536950.5610776, "src/components/ui/select.tsx": 1782536950.5610776, "src/components/ui/separator.tsx": 1782536950.5610776, "src/components/ui/sheet.tsx": 1782536950.5610776, "src/components/ui/sidebar.tsx": 1782536950.5610776, "src/components/ui/skeleton.tsx": 1782536950.5610776, "src/components/ui/slider.tsx": 1782536950.5610776, "src/components/ui/sonner.tsx": 1782536950.5610776, "src/components/ui/switch.tsx": 1782536950.5610776, "src/components/ui/table.tsx": 1782536950.5610776, "src/components/ui/tabs.tsx": 1782536950.5610776, "src/components/ui/textarea.tsx": 1782536950.5610776, "src/components/ui/toast.tsx": 1782536950.5610776, "src/components/ui/toaster.tsx": 1782536950.5610776, "src/components/ui/toggle-group.tsx": 1782536950.5610776, "src/components/ui/toggle.tsx": 1782536950.5620778, "src/components/ui/tooltip.tsx": 1782536950.5620778, "src/hooks/use-mobile.ts": 1782536950.5620778, "src/hooks/use-toast.ts": 1782536950.5620778, "src/lib/db.ts": 1782536950.5620778, "src/lib/demo-engine.ts": 1782536950.5620778, "src/lib/use-trading-socket.ts": 1782536950.5620778, "src/lib/utils.ts": 1782536950.5620778, "src/stores/trading-store.ts": 1782536950.5630777, "tailwind.config.ts": 1782536950.5630777, "test-results/.last-run.json": 1782536950.5630777, "tool-results/bash_1782429572707_071297002109.txt": 1782536950.5630777, "tool-results/bash_1782501267462_0c203ffd8a3a.txt": 1782536950.5640776, "tool-results/bash_1782526477883_bff921d3f3d5.txt": 1782536950.5640776, "tool-results/bash_1782532643944_7a0c054104f5.txt": 1782536950.5640776, "tool-results/bash_1782536254471_69289df96d8d.txt": 1782536950.5650778, "tool-results/bash_1782536513416_a7224ce38b06.txt": 1782536950.5650778, "tool-results/bash_1782536574757_ea0c76495364.txt": 1782536950.5660777, "tool-results/read_1782413299528_10969701e89d.txt": 1782536950.5670776, "tool-results/read_1782413300339_3c9a00c0a760.txt": 1782536950.5690777, "tool-results/read_1782418788359_10969701e89d.txt": 1782536950.5700777, "tool-results/read_1782428797482_5d4bf9101458.txt": 1782536950.5720778, "tool-results/read_1782431792479_7a62ee9e78fc.txt": 1782536950.5730777, "tool-results/read_1782435665507_11958adca00d.txt": 1782536950.5750778, "tool-results/read_1782437702592_9630f66e33bc.txt": 1782536950.5770779, "tool-results/read_1782437711541_92861774817e.txt": 1782536950.5770779, "tool-results/read_1782438114998_9630f66e33bc.txt": 1782536950.5780778, "tool-results/read_1782444260288_08a4eba991a0.txt": 1782536950.5790777, "tool-results/read_1782446006467_4da03b486272.txt": 1782536950.5790777, "tool-results/read_1782446224630_4da03b486272.txt": 1782536950.580078, "tool-results/read_1782446231256_41a9c3fc86e6.txt": 1782536950.5810778, "tool-results/read_1782448191374_19e346f51043.txt": 1782536950.5810778, "tool-results/read_1782448269621_19e346f51043.txt": 1782536950.5820777, "tool-results/read_1782448274259_e0621e163527.txt": 1782536950.583078, "tool-results/read_1782456152035_c3d8bebb9803.txt": 1782536950.583078, "tool-results/read_1782456161577_fcc12aa4167e.txt": 1782536950.5840778, "tool-results/read_1782459260598_40a22888d32a.txt": 1782536950.586078, "tool-results/read_1782499353863_a3cadada240a.txt": 1782536950.586078, "tool-results/read_1782499360519_a3cadada240a.txt": 1782536950.5870779, "tool-results/read_1782499365658_d30887f4b598.txt": 1782536950.5870779,