{
  "oos_current_weights": {
    "BTC/USDT": {
      "pnl_pct": -11.809334919757731,
      "trades": 42,
      "win_rate": 0.38095238095238093,
      "profit_factor": 0.882123770830111,
      "sharpe": -0.8751195404990779,
      "max_dd": 0.22713425344504046,
      "long_trades": 30,
      "short_trades": 12,
      "long_wr": 0.3333333333333333,
      "short_wr": 0.5
    },
    "ETH/USDT": {
      "pnl_pct": -6.791859078288636,
      "trades": 45,
      "win_rate": 0.4222222222222222,
      "profit_factor": 0.9860053910103918,
      "sharpe": -0.09644222995443752,
      "max_dd": 0.40935071829665265,
      "long_trades": 34,
      "short_trades": 11,
      "long_wr": 0.3235294117647059,
      "short_wr": 0.7272727272727273
    },
    "SOL/USDT": {
      "pnl_pct": -60.4463294740045,
      "trades": 48,
      "win_rate": 0.375,
      "profit_factor": 0.44736930388783525,
      "sharpe": -5.793287901095221,
      "max_dd": 0.648314001714672,
      "long_trades": 38,
      "short_trades": 10,
      "long_wr": 0.2894736842105263,
      "short_wr": 0.7
    }
  },
  "oos_close_baseline": {
    "BTC/USDT": {
      "pnl_pct": -13.732275237015273,
      "trades": 67,
      "win_rate": 0.417910447761194,
      "profit_factor": 0.7725493767067417,
      "sharpe": -1.7639361151476365,
      "max_dd": 0.1497193370575213
    },
    "ETH/USDT": {
      "pnl_pct": -9.011855785384359,
      "trades": 64,
      "win_rate": 0.453125,
      "profit_factor": 0.9177943720417918,
      "sharpe": -0.5559119867518924,
      "max_dd": 0.21426708658355673
    },
    "SOL/USDT": {
      "pnl_pct": -3.5780833837904535,
      "trades": 3,
      "win_rate": 0.3333333333333333,
      "profit_factor": 0.6106523904118156,
      "sharpe": -2.975865770808231,
      "max_dd": 0.08296170546533667
    }
  },
  "weight_sensitivity": {
    "current_40_35_25": {
      "pnl_pct": -11.809334919757731,
      "trades": 42,
      "win_rate": 0.38095238095238093,
      "profit_factor": 0.882123770830111,
      "sharpe": -0.8751195404990779,
      "max_dd": 0.22713425344504046,
      "weights": {
        "bp": 0.4,
        "dir": 0.35,
        "vol": 0.25
      }
    },
    "equal_33_33_33": {
      "pnl_pct": -17.419901241045498,
      "trades": 46,
      "win_rate": 0.391304347826087,
      "profit_factor": 0.8087041100199044,
      "sharpe": -1.4849484866808793,
      "max_dd": 0.2487566904469119,
      "weights": {
        "bp": 0.333,
        "dir": 0.333,
        "vol": 0.334
      }
    },
    "direction_heavy": {
      "pnl_pct": -42.05486646391117,
      "trades": 49,
      "win_rate": 0.2857142857142857,
      "profit_factor": 0.5393701427502622,
      "sharpe": -4.249789606159952,
      "max_dd": 0.42549039470665073,
      "weights": {
        "bp": 0.25,
        "dir": 0.5,
        "vol": 0.25
      }
    },
    "body_heavy": {
      "pnl_pct": -23.318480354384537,
      "trades": 43,
      "win_rate": 0.37209302325581395,
      "profit_factor": 0.7555087770070256,
      "sharpe": -2.008092228811735,
      "max_dd": 0.31480400754984117,
      "weights": {
        "bp": 0.5,
        "dir": 0.25,
        "vol": 0.25
      }
    },
    "volume_heavy": {
      "pnl_pct": -35.00587719282291,
      "trades": 48,
      "win_rate": 0.2708333333333333,
      "profit_factor": 0.6009094634665497,
      "sharpe": -3.4545526181084285,
      "max_dd": 0.3500587719282291,
      "weights": {
        "bp": 0.25,
        "dir": 0.25,
        "vol": 0.5
      }
    }
  },
  "walk_forward": {
    "fold_0": {
      "train_pct": "40%",
      "test_range": "7008-9110",
      "pnl_pct": 1.5918717824817215,
      "trades": 8,
      "win_rate": 0.625,
      "profit_factor": 1.1928357759685233,
      "sharpe": 1.0284154637346103,
      "max_dd": 0.05377087369822181
    },
    "fold_1": {
      "train_pct": "52%",
      "test_range": "9110-11212",
      "pnl_pct": 20.795725987091025,
      "trades": 12,
      "win_rate": 0.5,
      "profit_factor": 2.7281494829839734,
      "sharpe": 6.305143273582229,
      "max_dd": 0.03752729113523231
    },
    "fold_2": {
      "train_pct": "64%",
      "test_range": "11212-13315",
      "pnl_pct": -30.596775506866898,
      "trades": 18,
      "win_rate": 0.16666666666666666,
      "profit_factor": 0.3600213419856983,
      "sharpe": -7.293120629569055,
      "max_dd": 0.3525058684163418
    },
    "fold_3": {
      "train_pct": "76%",
      "test_range": "13315-15417",
      "pnl_pct": 5.785188185530861,
      "trades": 22,
      "win_rate": 0.5454545454545454,
      "profit_factor": 1.2159644289038474,
      "sharpe": 1.3743295975993703,
      "max_dd": 0.09749085664365527
    }
  },
  "walk_forward_analysis": {
    "avg_fold_pnl": -0.6059973879408227,
    "std_fold_pnl": 18.72937810983647,
    "consistency": "INCONSISTENT",
    "lookahead_risk": "HIGH"
  },
  "monte_carlo": {
    "BTC/USDT": {
      "token": "BTC/USDT",
      "trade_count": 42,
      "simulations": 2000,
      "probability_of_profit": 0.0,
      "risk_of_ruin": 0.0,
      "p95_max_drawdown": 0.35308442091334863,
      "mean_final_equity": 8819.066508024518,
      "median_final_equity": 8819.066508024227,
      "sharpe_p50": -0.8751195404990776,
      "sharpe_p05": -0.875119540499078,
      "sharpe_p95": -0.875119540499077,
      "dd_p50": 0.259792565352145,
      "dd_p95": 0.35308442091334863,
      "original_sharpe": -0.8751195404990773,
      "original_pf": 0.8821237708301108
    },
    "ETH/USDT": {
      "token": "ETH/USDT",
      "trade_count": 45,
      "simulations": 2000,
      "probability_of_profit": 0.0,
      "risk_of_ruin": 0.0,
      "p95_max_drawdown": 0.41177920747707,
      "mean_final_equity": 9320.814092170787,
      "median_final_equity": 9320.814092171138,
      "sharpe_p50": -0.0964422299544375,
      "sharpe_p05": -0.09644222995443807,
      "sharpe_p95": -0.09644222995443703,
      "dd_p50": 0.2986153946461442,
      "dd_p95": 0.41177920747707,
      "original_sharpe": -0.09644222995443744,
      "original_pf": 0.9860053910103914
    },
    "SOL/USDT": {
      "token": "SOL/USDT",
      "trade_count": 48,
      "simulations": 2000,
      "probability_of_profit": 0.0,
      "risk_of_ruin": 1.0,
      "p95_max_drawdown": 0.5759116480233585,
      "mean_final_equity": 4857.72153693012,
      "median_final_equity": 4874.746579341227,
      "sharpe_p50": -6.249435442711276,
      "sharpe_p05": -11.770244123669999,
      "sharpe_p95": -4.854440523178156,
      "dd_p50": 0.5258076839023444,
      "dd_p95": 0.5759116480233585,
      "original_sharpe": -5.79328790109522,
      "original_pf": 0.4473693038878352
    }
  }
}