{
  "config": {
    "threshold": 0.3,
    "round_trip_cost_pct": 0.14,
    "position_notional": 700.0,
    "account_size": 10000.0,
    "windows": [
      "2025-04",
      "2025-05",
      "2025-06",
      "2025-09",
      "2025-10"
    ],
    "k_hours": 12
  },
  "per_window": [
    {
      "window": "2025-04",
      "long": {
        "n_trades": 543,
        "wr": 0.4972375690607735,
        "pf": 1.1445700560746759,
        "avg_pnl": 0.06210690872239842,
        "tot_pnl_pct": 33.72405143626234,
        "tot_dollars": 236.0683600538364,
        "sharpe_ann": 3.9366138688287498,
        "window": "2025-04"
      },
      "short": {
        "n_trades": 393,
        "wr": 0.4173027989821883,
        "pf": 0.7867872354264935,
        "avg_pnl": -0.12293402361242797,
        "tot_pnl_pct": -48.313071279684195,
        "tot_dollars": -338.19149895778935,
        "sharpe_ann": -6.240006136806932,
        "window": "2025-04"
      },
      "combined": {
        "n_trades": 936,
        "tot_dollars": -102.12313890395296,
        "tot_pnl_pct": -14.589019843421852,
        "wr": 0.4636752136752137,
        "pf": -0.3029743499191516,
        "sharpe_ann": -0.3362618386657195,
        "window": "2025-04",
        "long_hours": [
          0,
          1,
          2,
          3,
          4,
          5,
          6,
          7,
          8,
          9,
          10,
          11,
          12,
          13,
          14,
          15,
          16,
          17,
          18,
          19,
          20,
          21,
          22,
          23
        ],
        "short_hours": [
          0,
          1,
          2,
          3,
          4,
          5,
          6,
          7,
          8,
          9,
          10,
          11,
          12,
          13,
          14,
          15,
          16,
          17,
          18,
          19,
          20,
          21,
          22,
          23
        ]
      }
    },
    {
      "window": "2025-05",
      "long": {
        "n_trades": 254,
        "wr": 0.5078740157480315,
        "pf": 1.1525126450321361,
        "avg_pnl": 0.06845406060117706,
        "tot_pnl_pct": 17.387331392698975,
        "tot_dollars": 121.71131974889283,
        "sharpe_ann": 2.6013340813716312,
        "window": "2025-05"
      },
      "short": {
        "n_trades": 89,
        "wr": 0.43820224719101125,
        "pf": 0.7134497838605279,
        "avg_pnl": -0.20658991651598285,
        "tot_pnl_pct": -18.386502569922474,
        "tot_dollars": -128.70551798945732,
        "sharpe_ann": -4.278253377775423,
        "window": "2025-05"
      },
      "combined": {
        "n_trades": 343,
        "tot_dollars": -6.9941982405644865,
        "tot_pnl_pct": -0.9991711772234986,
        "wr": 0.4897959183673469,
        "pf": 0.43636846733802603,
        "sharpe_ann": 0.8162516211264772,
        "window": "2025-05",
        "long_hours": [
          0,
          1,
          4,
          7,
          8,
          12,
          13,
          14,
          15,
          17,
          19,
          23
        ],
        "short_hours": [
          0,
          5,
          6,
          12,
          13,
          14,
          15,
          16,
          18,
          20,
          21,
          23
        ]
      }
    },
    {
      "window": "2025-06",
      "long": {
        "n_trades": 103,
        "wr": 0.49514563106796117,
        "pf": 0.8222302218102531,
        "avg_pnl": -0.07476175754879476,
        "tot_pnl_pct": -7.70046102752586,
        "tot_dollars": -53.903227192681015,
        "sharpe_ann": -2.746308021521578,
        "window": "2025-06"
      },
      "short": {
        "n_trades": 13,
        "wr": 0.38461538461538464,
        "pf": 0.6019473233024544,
        "avg_pnl": -0.1734312659033978,
        "tot_pnl_pct": -2.2546064567441713,
        "tot_dollars": -15.7822451972092,
        "sharpe_ann": -2.2589388673327493,
        "window": "2025-06"
      },
      "combined": {
        "n_trades": 116,
        "tot_dollars": -69.68547238989021,
        "tot_pnl_pct": -9.955067484270032,
        "wr": 0.4827586206896552,
        "pf": -0.8871945752614555,
        "sharpe_ann": -2.691689064586623,
        "window": "2025-06",
        "long_hours": [
          0,
          1,
          4,
          7,
          8,
          13,
          14,
          15,
          16,
          17,
          19,
          23
        ],
        "short_hours": [
          3,
          5,
          6,
          9,
          11,
          12,
          13,
          14,
          18,
          20,
          21,
          23
        ]
      }
    },
    {
      "window": "2025-09",
      "long": {
        "n_trades": 0,
        "wr": 0.0,
        "pf": 0.0,
        "avg_pnl": 0.0,
        "tot_pnl_pct": 0.0,
        "tot_dollars": 0.0,
        "sharpe_ann": 0.0,
        "window": "2025-09"
      },
      "short": {
        "n_trades": 55,
        "wr": 0.36363636363636365,
        "pf": 0.4147683339129699,
        "avg_pnl": -0.31384010050571925,
        "tot_pnl_pct": -17.26120552781456,
        "tot_dollars": -120.82843869470193,
        "sharpe_ann": -9.020016531733301,
        "window": "2025-09"
      },
      "combined": {
        "n_trades": 55,
        "tot_dollars": -120.82843869470193,
        "tot_pnl_pct": -17.26120552781456,
        "wr": 0.36363636363636365,
        "pf": -0.5714285714285715,
        "sharpe_ann": -9.020016531733301,
        "window": "2025-09",
        "long_hours": [
          1,
          4,
          7,
          8,
          13,
          14,
          15,
          16,
          17,
          19,
          21,
          23
        ],
        "short_hours": [
          5,
          6,
          9,
          11,
          12,
          13,
          14,
          15,
          18,
          20,
          21,
          23
        ]
      }
    },
    {
      "window": "2025-10",
      "long": {
        "n_trades": 120,
        "wr": 0.8,
        "pf": 4.328950102463809,
        "avg_pnl": 0.9943904484440047,
        "tot_pnl_pct": 119.32685381328056,
        "tot_dollars": 835.287976692964,
        "sharpe_ann": 21.72455848494638,
        "window": "2025-10"
      },
      "short": {
        "n_trades": 54,
        "wr": 0.35185185185185186,
        "pf": 0.8239179324385528,
        "avg_pnl": -0.19029196958730346,
        "tot_pnl_pct": -10.275766357714387,
        "tot_dollars": -71.9303645040007,
        "sharpe_ann": -1.6705188639191972,
        "window": "2025-10"
      },
      "combined": {
        "n_trades": 174,
        "tot_dollars": 763.3576121889632,
        "tot_pnl_pct": 109.05108745556618,
        "wr": 0.6609195402298851,
        "pf": 642.9215493992599,
        "sharpe_ann": 14.464017238746719,
        "window": "2025-10",
        "long_hours": [
          1,
          4,
          6,
          7,
          8,
          13,
          14,
          15,
          16,
          17,
          19,
          23
        ],
        "short_hours": [
          3,
          5,
          9,
          11,
          12,
          13,
          14,
          15,
          18,
          20,
          21,
          23
        ]
      }
    }
  ],
  "aggregate": {
    "long": {
      "trades": 1020,
      "dollars": 1139.1644293030122,
      "avg_wr": 0.5750643039691916,
      "avg_pf": 1.8620657563452185,
      "avg_sharpe": 6.379049603406297
    },
    "short": {
      "trades": 604,
      "dollars": -675.4380653431585,
      "avg_wr": 0.39112172925535993,
      "avg_pf": 0.6681741217881998,
      "avg_sharpe": -4.693546755513521
    },
    "combined": {
      "trades": 1624,
      "dollars": 463.72636395985364,
      "roi_pct": 4.637263639598537
    }
  }
}