{
  "tf": "5m",
  "n_candles": 5000,
  "pattern_length": 5,
  "sax_alpha": 4,
  "sax_window": 7,
  "layer1": {
    "patterns_built": 495,
    "trie_n1_size": 0,
    "trie_n2_size": 0,
    "trie_n3_size": 394,
    "trie_n4_size": 0,
    "avg_confidence": 0.09715851806962852,
    "avg_count": 1.2563451776649746,
    "avg_win_rate": 0.5913705583756346
  },
  "layer2": {
    "queries": 209,
    "matched": 80,
    "match_rate": 0.3827751196172249,
    "edit_distance_dist": {
      "1": 11,
      "2": 58,
      "0": 11
    },
    "avg_matched_confidence": 0.14858656956342814,
    "conf_pnl_correlation": -0.02032977527633913,
    "avg_actual_pnl": 0.3702354802081037
  },
  "layer3": {
    "signals_long": 5,
    "signals_short": 0,
    "signals_rejected": 204,
    "approval_rate": 0.023923444976076555,
    "closed_sl": 3,
    "closed_tp": 2,
    "win_rate": 0.4,
    "avg_sl_distance": 0.6437677740544935,
    "avg_tp_distance": 2.5522011064708314,
    "sl_tp_ratio": 0.25224022214483394,
    "pnl_long_sum": 3.1730988907781867,
    "pnl_short_sum": 0.0,
    "pnl_total": 3.1730988907781867
  }
}